赛狐店铺,收款主体,品牌/账号别,站点,归属账号族,渠道账号/需补,状态
TOODDLY-Daneey-US,TOODDLY,Daneey,US,TOODDLY,AMZTOODDLYUS,已匹配
TOODDLY-Daneey-CA,TOODDLY,Daneey,CA,TOODDLY,AMZTOODDLYCA,已匹配
Centrade-WOWMAX-US,Centrade,WOWMAX,US,CTRD,AMZCTRDUS,已匹配
Centrade-WOWMAX-CA,Centrade,WOWMAX,CA,CTRD,AMZCTRDCA,已匹配
百纳-BNCKTRD-US,百纳,BNCKTRD,US,BAINA,AMZBAINAUS,已匹配
百纳-BNCKTRD-CA,百纳,BNCKTRD,CA,BAINA,AMZBAINACA,已匹配
百纳-BNCKTRD-ES,百纳,BNCKTRD,ES,BAINA,AMZBAINAES,已匹配
百纳-BNCKTRD-UK,百纳,BNCKTRD,UK,BAINA,AMZBAINAUK,已匹配
百纳-BNCKTRD-FR,百纳,BNCKTRD,FR,BAINA,AMZBAINAFR,已匹配
百纳-BNCKTRD-DE,百纳,BNCKTRD,DE,BAINA,AMZBAINADE,已匹配
百纳-BNCKTRD-IT,百纳,BNCKTRD,IT,BAINA,AMZBAINAIT,已匹配
百纳-BNCKTRD-TR,百纳,BNCKTRD,TR,BAINA,AMZBAINATR?,跳过-无当月数据
百纳-BNCKTRD-NL,百纳,BNCKTRD,NL,BAINA,AMZBAINANL,已匹配
百纳-BNCKTRD-SE,百纳,BNCKTRD,SE,BAINA,AMZBAINASE,已匹配
百纳-BNCKTRD-PL,百纳,BNCKTRD,PL,BAINA,AMZBAINAPL,已匹配
百纳-BNCKTRD-IE,百纳,BNCKTRD,IE,BAINA,AMZBAINAIE?,跳过-无当月数据
VERCART-US,,VERCART,US,,,跳过-无当月数据
VERCART-CA,,VERCART,CA,,,跳过-无当月数据
VERCART-ES,,VERCART,ES,,,跳过-无当月数据
VERCART-UK,,VERCART,UK,,,跳过-无当月数据
VERCART-FR,,VERCART,FR,,,跳过-无当月数据
VERCART-IT,,VERCART,IT,,,跳过-无当月数据
VERCART-TR,,VERCART,TR,,,跳过-无当月数据
VERCART-NL,,VERCART,NL,,,跳过-无当月数据
VERCART-SE,,VERCART,SE,,,跳过-无当月数据
VERCART-PL,,VERCART,PL,,,跳过-无当月数据
VERCART-BE,,VERCART,BE,,,跳过-无当月数据
VERCART-IE,,VERCART,IE,,,跳过-无当月数据
君缘-Johnear-US,君缘,Johnear,US,Johna,AMZJohnaUS,已匹配
君缘-Johnear-CA,君缘,Johnear,CA,Johna,AMZJohnaCA,已匹配
君缘-Johnear-ES,君缘,Johnear,ES,Johna,AMZJohnaES,已匹配
君缘-Johnear-UK,君缘,Johnear,UK,Johna,AMZJohnaUK,已匹配
君缘-Johnear-FR,君缘,Johnear,FR,Johna,AMZJohnaFR,已匹配
君缘-Johnear-DE,君缘,Johnear,DE,Johna,AMZJohnaDE,已匹配
君缘-Johnear-IT,君缘,Johnear,IT,Johna,AMZJohnaIT,已匹配
君缘-Johnear-TR,君缘,Johnear,TR,Johna,AMZJohnaTR?,跳过-无当月数据
君缘-Johnear-NL,君缘,Johnear,NL,Johna,AMZJohnaNL,已匹配
君缘-Johnear-SE,君缘,Johnear,SE,Johna,AMZJohnaSE,已匹配
君缘-Johnear-PL,君缘,Johnear,PL,Johna,AMZJohnaPL,已匹配
君缘-Johnear-BE,君缘,Johnear,BE,Johna,AMZJohnaBE,已匹配
君缘-Johnear-IE,君缘,Johnear,IE,Johna,AMZJohnaIE?,跳过-无当月数据
北京如森-Rucener-US,北京如森,Rucener,US,Rosoon,AMZRosoonUS,已匹配
北京如森-Rucener-CA,北京如森,Rucener,CA,Rosoon,AMZRosoonCA,已匹配
北京如森-Rucener-ES,北京如森,Rucener,ES,Rosoon,AMZRosoonES,已匹配
北京如森-Rucener-UK,北京如森,Rucener,UK,Rosoon,AMZRosoonUK,已匹配
北京如森-Rucener-FR,北京如森,Rucener,FR,Rosoon,AMZRosoonFR,已匹配
北京如森-Rucener-DE,北京如森,Rucener,DE,Rosoon,AMZRosoonDE,已匹配
北京如森-Rucener-IT,北京如森,Rucener,IT,Rosoon,AMZRosoonIT,已匹配
北京如森-Rucener-NL,北京如森,Rucener,NL,Rosoon,AMZRosoonNL,已匹配
北京如森-Rucener-SE,北京如森,Rucener,SE,Rosoon,AMZRosoonSE,已匹配
北京如森-Rucener-PL,北京如森,Rucener,PL,Rosoon,AMZRosoonPL,已匹配
北京如森-Rucener-BE,北京如森,Rucener,BE,Rosoon,AMZRosoonBE,已匹配
北京如森-Rucener-IE,北京如森,Rucener,IE,Rosoon,AMZRosoonIE,已匹配
北京熙锦-Jalnoddsa-US,北京熙锦,Jalnoddsa,US,BJXJ,AMZBJXJUS,已匹配
北京熙锦-Jalnoddsa-CA,北京熙锦,Jalnoddsa,CA,BJXJ,AMZBJXJCA?,跳过-无当月数据
北京如泱-BJRYECLTD-US,北京如泱,BJRYECLTD,US,BJRYECLTD,AMZBJRYECLTDUS,已匹配
北京如泱-BJRYECLTD-CA,北京如泱,BJRYECLTD,CA,BJRYECLTD,AMZBJRYECLTDCA?,需补充账号
云途汇德-Novelledo-US,云途汇德,Novelledo,US,YTHD,AMZYTHDUS,已匹配
云途汇德-Novelledo-CA,云途汇德,Novelledo,CA,YTHD,AMZYTHDCA?,跳过-无当月数据
FZH深圳-Strusery-US,FZH深圳,Strusery,US,Strusery,AMZStruseryUS,已匹配
FZH深圳-Strusery-CA,FZH深圳,Strusery,CA,Strusery,AMZStruseryCA?,跳过-无当月数据
FZH深圳-Strusery-ES,FZH深圳,Strusery,ES,Strusery,AMZStruseryES,已匹配
FZH深圳-Strusery-UK,FZH深圳,Strusery,UK,Strusery,AMZStruseryUK,已匹配
FZH深圳-Strusery-FR,FZH深圳,Strusery,FR,Strusery,AMZStruseryFR,已匹配
FZH深圳-Strusery-DE,FZH深圳,Strusery,DE,Strusery,AMZStruseryDE,已匹配
FZH深圳-Strusery-IT,FZH深圳,Strusery,IT,Strusery,AMZStruseryIT,已匹配
FZH深圳-Strusery-NL,FZH深圳,Strusery,NL,Strusery,AMZStruseryNL,已匹配
FZH深圳-Strusery-SE,FZH深圳,Strusery,SE,Strusery,AMZStruserySE,已匹配
FZH深圳-Strusery-PL,FZH深圳,Strusery,PL,Strusery,AMZStruseryPL,已匹配
FZH深圳-Strusery-BE,FZH深圳,Strusery,BE,Strusery,AMZStruseryBE,已匹配
FZH深圳-Strusery-IE,FZH深圳,Strusery,IE,Strusery,AMZStruseryIE?,跳过-无当月数据
Daneey-LELEFIDO-US,Daneey,LELEFIDO,US,DANEEY,AMZDANEEYUS,已匹配
Daneey-LELEFIDO-CA,Daneey,LELEFIDO,CA,DANEEY,AMZDANEEYCA?,需补充账号
Daneey-LELEFIDO-ES,Daneey,LELEFIDO,ES,DANEEY,AMZDANEEYES,已匹配
Daneey-LELEFIDO-UK,Daneey,LELEFIDO,UK,DANEEY,AMZDANEEYUK,已匹配
Daneey-LELEFIDO-FR,Daneey,LELEFIDO,FR,DANEEY,AMZDANEEYFR,已匹配
Daneey-LELEFIDO-DE,Daneey,LELEFIDO,DE,DANEEY,AMZDANEEYDE,已匹配
Daneey-LELEFIDO-IT,Daneey,LELEFIDO,IT,DANEEY,AMZDANEEYIT,已匹配
Daneey-LELEFIDO-NL,Daneey,LELEFIDO,NL,DANEEY,AMZDANEEYNL,已匹配
Daneey-LELEFIDO-SE,Daneey,LELEFIDO,SE,DANEEY,AMZDANEEYSE,已匹配
Daneey-LELEFIDO-PL,Daneey,LELEFIDO,PL,DANEEY,AMZDANEEYPL,已匹配
Daneey-LELEFIDO-BE,Daneey,LELEFIDO,BE,DANEEY,AMZDANEEYBE,已匹配
Daneey-LELEFIDO-IE,Daneey,LELEFIDO,IE,DANEEY,AMZDANEEYIE?,跳过-无当月数据
北京固祥-US-US,北京固祥,US,US,,,排除-未启用
北京固祥-US-CA,北京固祥,US,CA,,,排除-未启用
北京固祥-US-MX,北京固祥,US,MX,,,排除-未启用
北京固祥-US-BR,北京固祥,US,BR,,,排除-未启用
方州汇绍兴-Xalviortex-US,方州汇绍兴,Xalviortex,US,FZHSX,AMZFZHSXUS,已匹配
方州汇绍兴-Xalviortex-CA,方州汇绍兴,Xalviortex,CA,FZHSX,AMZFZHSXCA?,跳过-无当月数据
方州汇绍兴-Xalviortex-MX,方州汇绍兴,Xalviortex,MX,FZHSX,AMZFZHSXMX?,跳过-无当月数据
