shopId,region,sellerId,marketplaceId,marketplaceName,currency,groupId,settlementId,processingStatus,processingStatusStr,fundTransferStatus,fundTransferStatusStr,transferAmount,utcFundTransferDateStr,siteFundTransferDateStr,accountTail,traceId,groupStartStr,groupEndStr,siteGroupStartStr,siteGroupEndStr,accountType,accountTypeStr,storeName,beginningBalance,endingBalance,accountIncome,accountRefund,accountExpenditure,accountNetIncome,remark,arrivalStatusStr,arrivalAmount,convertedTotalCurrency
667868,NorthAmerica,A838CIOHE0L4D,ATVPDKIKX0DER,美国,USD,pqKG0MWryonDGTCPQkyB_7b1wcnrbzrD6dmNofmCoAg,26490009571,Closed,已结算,Failed,转账失败,0.0,2026/06/02 06:16:54,2026/06/01 23:16:54,-,-,2026/05/19 06:16:47,2026/06/02 06:16:47,2026/05/18 23:16:47,2026/06/01 23:16:47,StandardOrder,标准订单,方州汇绍兴-Xalviortex-US,1400.4,-1400.4,0.0,0.0,0.0,0.0,,,0.0,USD
667868,NorthAmerica,A838CIOHE0L4D,ATVPDKIKX0DER,美国,USD,yviM9g4QhPfOMHH5vjHFEEsjPBJk2Cb9ZKOzMYym9NE,26617533381,Closed,已结算,Failed,转账失败,0.0,2026/06/16 06:16:55,2026/06/15 23:16:55,-,-,2026/06/02 06:16:47,2026/06/16 06:16:48,2026/06/01 23:16:47,2026/06/15 23:16:48,StandardOrder,标准订单,方州汇绍兴-Xalviortex-US,1400.4,-1400.4,0.0,0.0,0.0,0.0,,,0.0,USD
596738,NorthAmerica,AEVTZYX0M5AXK,A2EUQ1WTGCTBG2,加拿大,CAD,3HOhrVPAcAIvWjz1EbMLEBu54ObRQZyJoM0QGPl_igw,26831473551,Closed,已结算,Unknown,转账未知,0.0,2026/07/10 05:17:06,2026/07/09 22:17:06,-,-,2026/06/26 05:17:06,2026/07/10 05:17:06,2026/06/25 22:17:06,2026/07/09 22:17:06,StandardOrder,标准订单,TOODDLY-Daneey-CA,0.0,0.0,0.0,0.0,-13.23,-13.23,,,0.0,CAD
596829,Europe,AOYVH559D0QV4,A1PA6795UKMFR9,德国,EUR,5C1u0HJ2k8U9MWsYoE7hz2W9lSEcx2neVdnI5k3I6I4,27294248862,Closed,已结算,Unknown,转账未知,0.0,2026/07/08 03:26:15,2026/07/08 05:26:15,-,-,2026/06/24 03:26:14,2026/07/08 03:26:15,2026/06/24 05:26:14,2026/07/08 05:26:15,StandardOrder,标准订单,北京如森-Rucener-DE,0.0,0.0,2119.72,-574.72,-2189.21,-644.21,,,0.0,EUR
596826,Europe,AOYVH559D0QV4,A1RKKUPIHCS9HS,西班牙,EUR,-4OvHJPCvpwg48FRAgYAEOXngY74BI7li_WIZedGAJM,27294239942,Closed,已结算,Failed,转账失败,0.0,2026/07/08 03:26:33,2026/07/08 05:26:33,-,-,2026/06/24 03:26:24,2026/07/08 03:26:23,2026/06/24 05:26:24,2026/07/08 05:26:23,StandardOrder,标准订单,北京如森-Rucener-ES,19.52,-13.67,0.0,0.0,-5.85,0.0,,,0.0,EUR
596800,Europe,A1O7ZA75AQ28ME,APJ6JRA9NG5V4,意大利,EUR,y8NT7CMufdyP8rwbTFpl_Dg44ISjqgy5AqheDE-FwFg,27289506222,Closed,已结算,Failed,转账失败,0.0,2026/07/07 10:06:02,2026/07/07 12:06:02,-,-,2026/06/23 10:05:52,2026/07/07 10:05:52,2026/06/23 12:05:52,2026/07/07 12:05:52,StandardOrder,标准订单,VERCART-IT,50.99,-50.99,0.0,0.0,0.0,0.0,,,0.0,EUR
596858,Europe,AQOSGAJE5TKA3,A13V1IB3VIYZZH,法国,EUR,mSyXUayR1Sde565B5tKl9-EkmlhsqOzJ57UGis7VSLE,27289188952,Closed,已结算,Failed,转账失败,0.0,2026/07/07 09:44:08,2026/07/07 11:44:08,-,-,2026/06/23 09:43:56,2026/07/07 09:43:58,2026/06/23 11:43:56,2026/07/07 11:43:58,StandardOrder,标准订单,FZH深圳-Strusery-FR,150.22,-161.73,110.79,-42.77,-56.51,0.0,,,0.0,EUR
596853,NorthAmerica,A2AHQYKKLVGIME,ATVPDKIKX0DER,美国,USD,drR43tXavb8gDS9uRx7QlijHB9czA4_xNHux1IHW_As,26742576341,Closed,已结算,Unknown,转账未知,0.0,2026/06/30 09:34:35,2026/06/30 02:34:35,-,-,2026/06/16 09:34:36,2026/06/30 09:34:35,2026/06/16 02:34:36,2026/06/30 02:34:35,StandardOrder,标准订单,FZH深圳-Strusery-US,0.0,0.0,2834.5,-80.24,-2998.86,-244.6,,,0.0,USD
596811,Europe,A1R8TWV7U0PCZA,A1RKKUPIHCS9HS,西班牙,EUR,NXGMirmqp-Y3Lf-wh9sMwKSSuZ5BjXeiDqLaTWWb7oI,27239323682,Closed,已结算,Failed,转账失败,0.0,2026/06/29 09:29:52,2026/06/29 11:29:52,-,-,2026/06/15 09:29:41,2026/06/29 09:29:42,2026/06/15 11:29:41,2026/06/29 11:29:42,StandardOrder,标准订单,君缘-Johnear-ES,25.37,-25.37,0.0,0.0,0.0,0.0,,,0.0,EUR
596799,Europe,A1O7ZA75AQ28ME,A13V1IB3VIYZZH,法国,EUR,VHi9UR163y6FUy0bwNo8vgqvL7GlKNQcBZt_50oPoKE,27237805512,Closed,已结算,Failed,转账失败,0.0,2026/06/29 06:13:39,2026/06/29 08:13:39,-,-,2026/06/15 06:13:28,2026/06/29 06:13:28,2026/06/15 08:13:28,2026/06/29 08:13:28,StandardOrder,标准订单,VERCART-FR,78.27,-78.27,0.0,0.0,0.0,0.0,,,0.0,EUR
596769,Europe,A148ZDEAGT4GFR,A13V1IB3VIYZZH,法国,EUR,bh6KYOW1aFMh49a0z7oxm8e0FfTS6dJQFRoYSl773_c,27228514122,Closed,已结算,Failed,转账失败,0.0,2026/06/27 06:05:21,2026/06/27 08:05:21,-,-,2026/06/13 06:01:07,2026/06/27 06:01:08,2026/06/13 08:01:07,2026/06/27 08:01:08,StandardOrder,标准订单,百纳-BNCKTRD-FR,12.36,-11.94,0.0,0.0,-0.42,0.0,,,0.0,EUR
596767,Europe,A148ZDEAGT4GFR,A1RKKUPIHCS9HS,西班牙,EUR,SBjfa8gBDHf6tuuoKNBeNTHAfeBLVDtbVRDbe1VGqrg,27228490282,Closed,已结算,Unknown,转账未知,0.0,2026/06/27 06:01:06,2026/06/27 08:01:06,-,-,2026/06/13 06:01:05,2026/06/27 06:01:06,2026/06/13 08:01:05,2026/06/27 08:01:06,StandardOrder,标准订单,百纳-BNCKTRD-ES,-0.42,0.0,0.42,0.0,-3.67,-3.67,,,0.0,EUR
596826,Europe,AOYVH559D0QV4,A1RKKUPIHCS9HS,西班牙,EUR,s_sThV45zogs8Ea6LTyfY5PI3H5m5iLd0drH1l6dyoM,27207693792,Closed,已结算,Failed,转账失败,0.0,2026/06/24 03:26:35,2026/06/24 05:26:35,-,-,2026/06/10 03:26:23,2026/06/24 03:26:24,2026/06/10 05:26:23,2026/06/24 05:26:24,StandardOrder,标准订单,北京如森-Rucener-ES,19.52,-19.52,0.0,0.0,0.0,0.0,,,0.0,EUR
596882,Europe,A2O19GZBEQ0WX,A1F83G8C2ARO7P,英国,GBP,HUhp_UDcLe8ma5odP34AJvgVGwi8m-gUI89TaLizHp8,27208100482,Closed,已结算,Unknown,转账未知,0.0,2026/07/08 03:45:26,2026/07/08 04:45:26,-,-,2026/06/10 03:45:26,2026/07/08 03:45:26,2026/06/10 04:45:26,2026/07/08 04:45:26,StandardOrder,标准订单,Daneey-LELEFIDO-UK,0.0,0.0,0.0,0.0,-22.6,-22.6,,,0.0,GBP
596766,NorthAmerica,A3J1LV3SO2HAC2,A2EUQ1WTGCTBG2,加拿大,CAD,dZ2AjX7FD9NkFe6x1ZFf0B7jF4nKY24EeNO1zwrpWqs,26560427311,Closed,已结算,Unknown,转账未知,0.0,2026/07/08 01:25:25,2026/07/07 18:25:25,-,-,2026/06/10 01:25:24,2026/07/08 01:25:25,2026/06/09 18:25:24,2026/07/07 18:25:25,StandardOrder,标准订单,百纳-BNCKTRD-CA,0.0,0.0,0.0,0.0,-12.73,-12.73,,,0.0,CAD
596815,Europe,A1R8TWV7U0PCZA,APJ6JRA9NG5V4,意大利,EUR,b9l87sf-tk5wGUycfyqFUzg4KCX4Lx1ckcQ4XxfDRPU,27113733202,Closed,已结算,Unknown,转账未知,0.0,2026/07/07 09:45:13,2026/07/07 11:45:13,-,-,2026/06/09 09:45:11,2026/07/07 09:45:13,2026/06/09 11:45:11,2026/07/07 11:45:13,StandardOrder,标准订单,君缘-Johnear-IT,-9.63,0.0,9.63,0.0,-1.62,-1.62,,,0.0,EUR
596800,Europe,A1O7ZA75AQ28ME,APJ6JRA9NG5V4,意大利,EUR,MZFXlqglnqSrdPJCmZyoW5C5FZ7A4gejgLbHZWgRyJY,27203439232,Closed,已结算,Failed,转账失败,0.0,2026/06/23 10:06:03,2026/06/23 12:06:03,-,-,2026/06/09 10:05:53,2026/06/23 10:05:52,2026/06/09 12:05:53,2026/06/23 12:05:52,StandardOrder,标准订单,VERCART-IT,50.99,-50.99,0.0,0.0,0.0,0.0,,,0.0,EUR
596858,Europe,AQOSGAJE5TKA3,A13V1IB3VIYZZH,法国,EUR,Qciz2nuAOR-3UQcSiATPWQxrnPMqlJyMFMUTU8bUvSE,27203590492,Closed,已结算,Failed,转账失败,0.0,2026/06/23 09:44:08,2026/06/23 11:44:08,-,-,2026/06/09 09:43:57,2026/06/23 09:43:56,2026/06/09 11:43:57,2026/06/23 11:43:56,StandardOrder,标准订单,FZH深圳-Strusery-FR,7.32,-150.22,169.82,0.0,-26.92,0.0,,,0.0,EUR
596878,NorthAmerica,A33CZKYEFXI9I7,A2EUQ1WTGCTBG2,加拿大,CAD,ARNk6FDIUy3fepP1UIB-WO47cs-RXYRzSUnI0Q0mMZQ,26546498751,Closed,已结算,Unknown,转账未知,0.0,2026/07/06 13:37:11,2026/07/06 06:37:11,-,-,2026/06/08 13:37:11,2026/07/06 13:37:11,2026/06/08 06:37:11,2026/07/06 06:37:11,StandardOrder,标准订单,Daneey-LELEFIDO-CA,-9.6,0.0,0.0,0.0,-9.66,-19.26,,,0.0,CAD
596857,Europe,AQOSGAJE5TKA3,A1F83G8C2ARO7P,英国,GBP,GYDDt1cdx_BkUMNRoJycy_BByBd6Iup6587q8M_bMuc,27197369672,Closed,已结算,Unknown,转账未知,0.0,2026/06/22 10:59:09,2026/06/22 11:59:09,-,-,2026/06/08 10:59:08,2026/06/22 10:59:09,2026/06/08 11:59:08,2026/06/22 11:59:09,StandardOrder,标准订单,FZH深圳-Strusery-UK,-6.09,0.0,0.0,0.0,-72.87,-78.96,,,0.0,GBP
596842,NorthAmerica,A1P32JX05T2UBZ,A2EUQ1WTGCTBG2,加拿大,CAD,ZJkebnBfAnroTS9tk50u7tCz1stjcOhp84RojkCkUsw,26543569051,Closed,已结算,Unknown,转账未知,0.0,2026/07/06 07:56:23,2026/07/06 00:56:23,-,-,2026/06/08 07:56:23,2026/07/06 07:56:23,2026/06/08 00:56:23,2026/07/06 00:56:23,StandardOrder,标准订单,北京如泱-BJRYECLTD-CA,0.0,0.0,0.0,0.0,-13.22,-13.22,,,0.0,CAD
596846,NorthAmerica,A7CLTN73A5C2H,ATVPDKIKX0DER,美国,USD,XMG9zWboZafx_w-4sRucAeKFX-gtsbO-ET7WV0A_eU4,26668166651,Closed,已结算,Unknown,转账未知,0.0,2026/06/22 01:18:19,2026/06/21 18:18:19,-,-,2026/06/08 01:18:19,2026/06/22 01:18:19,2026/06/07 18:18:19,2026/06/21 18:18:19,StandardOrder,标准订单,云途汇德-Novelledo-US,0.0,0.0,2252.42,-177.68,-2448.99,-374.25,,,0.0,USD
596768,Europe,A148ZDEAGT4GFR,A1F83G8C2ARO7P,英国,GBP,l98p3nbvnI314RI3c18HzZUAez1P6uksvv91vz_oRpI,27095007402,Closed,已结算,Unknown,转账未知,0.0,2026/07/04 06:01:01,2026/07/04 07:01:01,-,-,2026/06/06 06:01:01,2026/07/04 06:01:01,2026/06/06 07:01:01,2026/07/04 07:01:01,StandardOrder,标准订单,百纳-BNCKTRD-UK,-7.99,0.0,0.0,0.0,-10.61,-18.6,,,0.0,GBP
596853,NorthAmerica,A2AHQYKKLVGIME,ATVPDKIKX0DER,美国,USD,KcK5EHrdr6RwM0dbLamhhYwC3gSIUCYvL4iKEow1xys,26619822011,Closed,已结算,Unknown,转账未知,0.0,2026/06/16 09:34:36,2026/06/16 02:34:36,-,-,2026/06/02 09:34:36,2026/06/16 09:34:36,2026/06/02 02:34:36,2026/06/16 02:34:36,StandardOrder,标准订单,FZH深圳-Strusery-US,0.0,0.0,3102.39,-89.22,-3757.74,-744.57,,,0.0,USD
596812,Europe,A1R8TWV7U0PCZA,A1F83G8C2ARO7P,英国,GBP,Bm2RJWV37JRLMV5rN6yns6-aSSzZn5KsrASYuMGbHJw,27151876132,Closed,已结算,Unknown,转账未知,0.0,2026/06/15 09:30:54,2026/06/15 10:30:54,-,-,2026/06/01 09:30:53,2026/06/15 09:30:54,2026/06/01 10:30:53,2026/06/15 10:30:54,StandardOrder,标准订单,君缘-Johnear-UK,0.0,0.0,183.22,-9.65,-216.34,-42.77,,,0.0,GBP
596799,Europe,A1O7ZA75AQ28ME,A13V1IB3VIYZZH,法国,EUR,CH8YSA_0oF12am7ZmrjEWNuVjWJIoX4Mge539IZI4v0,27150149082,Closed,已结算,Failed,转账失败,0.0,2026/06/15 06:13:38,2026/06/15 08:13:38,-,-,2026/06/01 06:13:28,2026/06/15 06:13:28,2026/06/01 08:13:28,2026/06/15 08:13:28,StandardOrder,标准订单,VERCART-FR,115.84,-78.27,0.0,0.0,-37.57,0.0,,,0.0,EUR
596837,NorthAmerica,A31RJ7FUA3J49M,ATVPDKIKX0DER,美国,USD,uOygpw8EHfs9-TLN82SW6CXF-L5CkbguJbY1NA-vi9I,26599868561,Closed,已结算,Unknown,转账未知,0.0,2026/06/14 06:09:49,2026/06/13 23:09:49,-,-,2026/05/31 06:09:49,2026/06/14 06:09:49,2026/05/30 23:09:49,2026/06/13 23:09:49,StandardOrder,标准订单,北京熙锦-Jalnoddsa-US,0.0,0.0,529.75,-168.97,-582.28,-221.5,,,0.0,USD
596769,Europe,A148ZDEAGT4GFR,A13V1IB3VIYZZH,法国,EUR,uA31sumbmyDdYhJsMkYWA796IfbqNAowTKBjlxt-_jM,27140289492,Closed,已结算,Failed,转账失败,0.0,2026/06/13 06:03:21,2026/06/13 08:03:21,-,-,2026/05/30 06:01:07,2026/06/13 06:01:07,2026/05/30 08:01:07,2026/06/13 08:01:07,StandardOrder,标准订单,百纳-BNCKTRD-FR,15.33,-12.36,0.0,0.0,-2.97,0.0,,,0.0,EUR
596767,Europe,A148ZDEAGT4GFR,A1RKKUPIHCS9HS,西班牙,EUR,XNq61kocsR9zQlsYHWu7JUa0IDSBoQDIRQ27FwIlS9k,27140624892,Closed,已结算,Unknown,转账未知,0.0,2026/06/13 06:01:05,2026/06/13 08:01:05,-,-,2026/05/30 06:01:05,2026/06/13 06:01:05,2026/05/30 08:01:05,2026/06/13 08:01:05,StandardOrder,标准订单,百纳-BNCKTRD-ES,-2.19,0.0,2.19,0.0,-0.42,-0.42,,,0.0,EUR
596738,NorthAmerica,AEVTZYX0M5AXK,A2EUQ1WTGCTBG2,加拿大,CAD,bOrF6rOdufaW2Hl6GTzlqqotymZV8pU2nOFwlWTmmos,26585273041,Closed,已结算,Unknown,转账未知,0.0,2026/06/12 05:17:06,2026/06/11 22:17:06,-,-,2026/05/29 05:17:07,2026/06/12 05:17:06,2026/05/28 22:17:07,2026/06/11 22:17:06,StandardOrder,标准订单,TOODDLY-Daneey-CA,0.0,0.0,0.0,0.0,-13.1,-13.1,,,0.0,CAD
596802,Europe,A1O7ZA75AQ28ME,A1805IZSGTT6HS,荷兰,EUR,_KKuDnzcPP1uZ5RtNUI5Lw7zqX992B_IIJzhtXY8a1U,27129048052,Closed,已结算,Unknown,转账未知,0.0,2026/06/11 10:45:31,2026/06/11 12:45:31,-,-,2026/05/28 10:45:32,2026/06/11 10:45:31,2026/05/28 12:45:32,2026/06/11 12:45:31,StandardOrder,标准订单,VERCART-NL,0.0,0.0,0.0,0.0,-49.97,-49.97,,,0.0,EUR
596882,Europe,A2O19GZBEQ0WX,A1F83G8C2ARO7P,英国,GBP,eeckXN8UzfzOkBzqOjrjcfezbwWwqtL5a5OQMsrXkdA,27118836762,Closed,已结算,Unknown,转账未知,0.0,2026/06/10 03:45:26,2026/06/10 04:45:26,-,-,2026/05/27 03:45:26,2026/06/10 03:45:26,2026/05/27 04:45:26,2026/06/10 04:45:26,StandardOrder,标准订单,Daneey-LELEFIDO-UK,11.37,0.0,38.48,0.0,-107.79,-57.94,,,0.0,GBP
596826,Europe,AOYVH559D0QV4,A1RKKUPIHCS9HS,西班牙,EUR,MHGzX7b_CTPgkwP8EFlkWZnoBhaMragF6t4rH-8VCz4,27118593162,Closed,已结算,Failed,转账失败,0.0,2026/06/10 03:26:34,2026/06/10 05:26:34,-,-,2026/05/27 03:26:23,2026/06/10 03:26:23,2026/05/27 05:26:23,2026/06/10 05:26:23,StandardOrder,标准订单,北京如森-Rucener-ES,25.82,-19.52,0.0,0.0,-6.3,0.0,,,0.0,EUR
596800,Europe,A1O7ZA75AQ28ME,APJ6JRA9NG5V4,意大利,EUR,opa2MSUnOb2y5y8L78WFC5ZxIwZeFK7mx6ktLjQOBgE,27113875862,Closed,已结算,Failed,转账失败,0.0,2026/06/09 10:06:04,2026/06/09 12:06:04,-,-,2026/05/26 10:05:52,2026/06/09 10:05:53,2026/05/26 12:05:52,2026/06/09 12:05:53,StandardOrder,标准订单,VERCART-IT,50.99,-50.99,0.0,0.0,0.0,0.0,,,0.0,EUR
596858,Europe,AQOSGAJE5TKA3,A13V1IB3VIYZZH,法国,EUR,owtHwo6FN6fM-r7Y7Ao5JkMgx8hEW191u3z2zScYSR4,27113534582,Closed,已结算,Failed,转账失败,0.0,2026/06/09 09:44:08,2026/06/09 11:44:08,-,-,2026/05/26 09:43:57,2026/06/09 09:43:57,2026/05/26 11:43:57,2026/06/09 11:43:57,StandardOrder,标准订单,FZH深圳-Strusery-FR,128.6,-7.32,125.79,0.0,-247.07,0.0,,,0.0,EUR
596857,Europe,AQOSGAJE5TKA3,A1F83G8C2ARO7P,英国,GBP,FGWCCOiwZ8PDtEws4rqYetLrO4R2dFyoa5O-3SVHa4s,27107432432,Closed,已结算,Unknown,转账未知,0.0,2026/06/08 10:59:08,2026/06/08 11:59:08,-,-,2026/05/25 10:59:09,2026/06/08 10:59:08,2026/05/25 11:59:09,2026/06/08 11:59:08,StandardOrder,标准订单,FZH深圳-Strusery-UK,0.0,0.0,0.0,0.0,-6.09,-6.09,,,0.0,GBP
596846,NorthAmerica,A7CLTN73A5C2H,ATVPDKIKX0DER,美国,USD,cBdBkLJHb-VFK41d2FZgjiWG9Ew9VpDwJSO5b5bp4_8,26540029371,Closed,已结算,Unknown,转账未知,0.0,2026/06/08 01:18:19,2026/06/07 18:18:19,-,-,2026/05/25 01:18:19,2026/06/08 01:18:19,2026/05/24 18:18:19,2026/06/07 18:18:19,StandardOrder,标准订单,云途汇德-Novelledo-US,0.0,0.0,2588.39,-430.03,-2455.5,-297.14,,,0.0,USD
596832,Europe,AOYVH559D0QV4,A2NODRKZP88ZB9,瑞典,SEK,pi26FveoDwSY-TIaaReOIW0NVLgZ0WRXiu7oiXzEJjA,27095655352,Closed,已结算,Failed,转账失败,0.0,2026/06/07 00:54:16,2026/06/07 02:54:16,386,-,2026/05/23 07:14:14,2026/06/06 07:14:14,2026/05/23 09:14:14,2026/06/06 09:14:14,StandardOrder,标准订单,北京如森-Rucener-SE,0.0,0.0,685.63,0.0,-128.56,557.07,,,0.0,SEK
596856,Europe,AQOSGAJE5TKA3,A1RKKUPIHCS9HS,西班牙,EUR,OBCPXVGsBqwtHGY-XU2mUGxomTYawyI0tEPf7vTozvs,27077184042,Closed,已结算,Unknown,转账未知,0.0,2026/06/03 09:47:06,2026/06/03 11:47:06,-,-,2026/05/20 09:47:05,2026/06/03 09:47:06,2026/05/20 11:47:05,2026/06/03 11:47:06,StandardOrder,标准订单,FZH深圳-Strusery-ES,-167.05,0.0,575.65,-136.32,-398.52,-126.24,,,0.0,EUR
596859,Europe,AQOSGAJE5TKA3,A1PA6795UKMFR9,德国,EUR,8zjCaZnlWRSQaDKenyXtLIQlQ9J6mMeVCu3xa-5_kys,27077294152,Closed,已结算,Unknown,转账未知,0.0,2026/06/03 09:47:23,2026/06/03 11:47:23,-,-,2026/05/20 09:47:23,2026/06/03 09:47:23,2026/05/20 11:47:23,2026/06/03 11:47:23,StandardOrder,标准订单,FZH深圳-Strusery-DE,0.0,0.0,99.93,0.0,-190.14,-90.21,,,0.0,EUR
596755,NorthAmerica,A1RNFBP36FSAAN,A2EUQ1WTGCTBG2,加拿大,CAD,PkSqlQp-Usv9B5Ff-Qm6jW0l8KA7RQ4tupyWtwkUMEo,26499447471,Closed,已结算,Unknown,转账未知,0.0,2026/06/17 03:54:46,2026/06/16 20:54:46,-,-,2026/05/20 03:54:45,2026/06/17 03:54:46,2026/05/19 20:54:45,2026/06/16 20:54:46,StandardOrder,标准订单,Centrade-WOWMAX-CA,0.0,0.0,0.0,0.0,-19.5,-19.5,,,0.0,CAD
596881,Europe,A2O19GZBEQ0WX,A1RKKUPIHCS9HS,西班牙,EUR,64m0LzZxHey8A1M8ad8E32oO2dq1-BGVc8HFnhUqjhI,27075365392,Closed,已结算,Unknown,转账未知,0.0,2026/06/03 03:45:29,2026/06/03 05:45:29,-,-,2026/05/20 03:45:29,2026/06/03 03:45:29,2026/05/20 05:45:29,2026/06/03 05:45:29,StandardOrder,标准订单,Daneey-LELEFIDO-ES,43.28,0.0,320.61,0.0,-383.82,-19.93,,,0.0,EUR
596853,NorthAmerica,A2AHQYKKLVGIME,ATVPDKIKX0DER,美国,USD,0i9pLGRonKT3wp4HSXXGKzBGR_vSBjuph0VP5dmA-IE,26492384351,Closed,已结算,Unknown,转账未知,0.0,2026/06/02 09:34:36,2026/06/02 02:34:36,-,-,2026/05/19 09:34:36,2026/06/02 09:34:36,2026/05/19 02:34:36,2026/06/02 02:34:36,StandardOrder,标准订单,FZH深圳-Strusery-US,0.0,0.0,653.82,-66.37,-956.96,-369.51,,,0.0,USD
596790,NorthAmerica,A2RAZV8VSWUCWS,A2EUQ1WTGCTBG2,加拿大,CAD,U-FqO7qyM8yY0tK6RBcgLpNu9sdF7sV7f4ynD4waY68,26214279581,Closed,已结算,Unknown,转账未知,0.0,2026/06/15 09:43:35,2026/06/15 02:43:35,-,-,2026/05/18 09:43:35,2026/06/15 09:43:35,2026/05/18 02:43:35,2026/06/15 02:43:35,StandardOrder,标准订单,VERCART-CA,0.0,0.0,0.0,0.0,-9.6,-9.6,,,0.0,CAD
596799,Europe,A1O7ZA75AQ28ME,A13V1IB3VIYZZH,法国,EUR,zOPGUuoGVqK6uF5Vbu3v21VqAlmh-uCca53P2w5uyrw,27063272982,Closed,已结算,Failed,转账失败,0.0,2026/06/01 06:13:39,2026/06/01 08:13:39,-,-,2026/05/18 06:13:29,2026/06/01 06:13:28,2026/05/18 08:13:29,2026/06/01 08:13:28,StandardOrder,标准订单,VERCART-FR,115.84,-115.84,0.0,0.0,0.0,0.0,,,0.0,EUR
596810,NorthAmerica,AG84U6JYQDFUC,A2EUQ1WTGCTBG2,加拿大,CAD,u4b_Hmz17V0KHYGbht46i97H0Bs6RS3d3T9Ef3azOPk,26305122391,Closed,已结算,Unknown,转账未知,0.0,2026/06/10 05:26:02,2026/06/09 22:26:02,-,-,2026/05/13 05:26:03,2026/06/10 05:26:02,2026/05/12 22:26:03,2026/06/09 22:26:02,StandardOrder,标准订单,君缘-Johnear-CA,-9.21,0.0,0.0,0.0,-9.64,-18.85,,,0.0,CAD
596766,NorthAmerica,A3J1LV3SO2HAC2,A2EUQ1WTGCTBG2,加拿大,CAD,YR0IbtS5V-x9QK_YMxTOjdK9cuQ8v1lt5jGLCnWF2yw,26302482241,Closed,已结算,Unknown,转账未知,0.0,2026/06/10 01:25:24,2026/06/09 18:25:24,-,-,2026/05/13 01:25:25,2026/06/10 01:25:24,2026/05/12 18:25:25,2026/06/09 18:25:24,StandardOrder,标准订单,百纳-BNCKTRD-CA,-5.51,0.0,0.0,0.0,-9.58,-15.09,,,0.0,CAD
596815,Europe,A1R8TWV7U0PCZA,APJ6JRA9NG5V4,意大利,EUR,FDQ_xcGW9RYJS7qU0t6bPPzLEivDaLnMtETVcZiTZNg,26944311092,Closed,已结算,Unknown,转账未知,0.0,2026/06/09 09:45:11,2026/06/09 11:45:11,-,-,2026/05/12 09:45:12,2026/06/09 09:45:11,2026/05/12 11:45:12,2026/06/09 11:45:11,StandardOrder,标准订单,君缘-Johnear-IT,-1.62,0.0,49.14,0.0,-57.15,-9.63,,,0.0,EUR
596823,NorthAmerica,A33Q847D1IMI3C,A2EUQ1WTGCTBG2,加拿大,CAD,iW-Cv-xS32cMIcc77Lp98OaQ7vuRBSi908MeS14P770,26427047511,Closed,已结算,Unknown,转账未知,0.0,2026/06/22 16:39:40,2026/06/22 09:39:40,-,-,2026/05/11 16:39:39,2026/06/22 16:39:40,2026/05/11 09:39:39,2026/06/22 09:39:40,StandardOrder,标准订单,北京如森-Rucener-CA,0.0,0.0,0.0,0.0,-9.64,-9.64,,,0.0,CAD
596878,NorthAmerica,A33CZKYEFXI9I7,A2EUQ1WTGCTBG2,加拿大,CAD,lUgDp-C68l6OUhjbEwWdkvkweDZYP5iOC0H-BgOITzY,26286177061,Closed,已结算,Unknown,转账未知,0.0,2026/06/08 13:37:11,2026/06/08 06:37:11,-,-,2026/05/11 13:37:11,2026/06/08 13:37:11,2026/05/11 06:37:11,2026/06/08 06:37:11,StandardOrder,标准订单,Daneey-LELEFIDO-CA,0.0,0.0,0.0,0.0,-9.6,-9.6,,,0.0,CAD
596842,NorthAmerica,A1P32JX05T2UBZ,A2EUQ1WTGCTBG2,加拿大,CAD,XVJNckju0Q8FSHg4pg7YNNZkBsDrtsT1qkPGTaUQ6VM,21924228011,Closed,已结算,Unknown,转账未知,0.0,2026/06/08 07:56:23,2026/06/08 00:56:23,-,-,2026/05/11 07:56:23,2026/06/08 07:56:23,2026/05/11 00:56:23,2026/06/08 00:56:23,StandardOrder,标准订单,北京如泱-BJRYECLTD-CA,0.0,0.0,0.0,0.0,-13.1,-13.1,,,0.0,CAD
596827,Europe,AOYVH559D0QV4,A1F83G8C2ARO7P,英国,GBP,WgPl3bVVk4BLcLAcPXiGPy-teeRdrmQDAkINWvSsXCo,26926965012,Closed,已结算,Unknown,转账未知,0.0,2026/06/20 07:39:09,2026/06/20 08:39:09,-,-,2026/05/09 07:39:08,2026/06/20 07:39:09,2026/05/09 08:39:08,2026/06/20 08:39:09,StandardOrder,标准订单,北京如森-Rucener-UK,0.0,0.0,0.0,0.0,-8.03,-8.03,,,0.0,GBP
596768,Europe,A148ZDEAGT4GFR,A1F83G8C2ARO7P,英国,GBP,smlXTclwfA5t6ssipeH6W78IddTHJOCJnSLCQ2ssAMs,26926478382,Closed,已结算,Unknown,转账未知,0.0,2026/06/06 06:01:01,2026/06/06 07:01:01,-,-,2026/05/09 06:01:01,2026/06/06 06:01:01,2026/05/09 07:01:01,2026/06/06 07:01:01,StandardOrder,标准订单,百纳-BNCKTRD-UK,0.0,0.0,0.0,0.0,-7.99,-7.99,,,0.0,GBP
596834,Europe,AOYVH559D0QV4,AMEN7PMS3EDWL,比利时,EUR,ITKTKtG_8XJRFUHh_2famtjVPnUzpNOJdW2mYREV7ok,26925391502,Closed,已结算,Unknown,转账未知,0.0,2026/06/06 01:19:43,2026/06/06 03:19:43,-,-,2026/05/09 01:19:43,2026/06/06 01:19:43,2026/05/09 03:19:43,2026/06/06 03:19:43,StandardOrder,标准订单,北京如森-Rucener-BE,-4.35,0.0,4.35,0.0,-4.78,-4.78,,,0.0,EUR
596798,Europe,A1O7ZA75AQ28ME,A1F83G8C2ARO7P,英国,GBP,UC8pSECUr36mX_KZiTWuMuy1emeqDijlD75_yg2_6Aw,26919954782,Closed,已结算,Unknown,转账未知,0.0,2026/06/19 05:07:26,2026/06/19 06:07:26,-,-,2026/05/08 05:09:09,2026/06/19 05:07:26,2026/05/08 06:09:09,2026/06/19 06:07:26,StandardOrder,标准订单,VERCART-UK,0.0,0.0,0.0,0.0,-8.0,-8.0,,,0.0,GBP
596812,Europe,A1R8TWV7U0PCZA,A1F83G8C2ARO7P,英国,GBP,Ie7Bb1x_mwWs-PWvNOqSmPZRABETEZrmJE5dJJJxCrE,26980572752,Closed,已结算,Succeeded,转账成功,4.73,2026/06/03 04:32:43,2026/06/03 05:32:43,235,"10A94JD00023GD, 10A94JD00023GD",2026/05/18 09:30:53,2026/06/01 09:30:53,2026/05/18 10:30:53,2026/06/01 10:30:53,StandardOrder,标准订单,君缘-Johnear-UK,0.0,0.0,365.43,-33.79,-326.91,4.73,,暂无匹配,5.39,EUR
596813,Europe,A1R8TWV7U0PCZA,A13V1IB3VIYZZH,法国,EUR,OaK0BJ5crR1j-1mXPDyfRAyURvOrgmiuK1nyuOvigy8,27113566102,Closed,已结算,Succeeded,转账成功,14.43,2026/06/10 04:41:50,2026/06/10 06:41:50,235,SLR6JXJWU0FJ2VT0,2026/05/26 09:46:10,2026/06/09 09:46:09,2026/05/26 11:46:10,2026/06/09 11:46:09,StandardOrder,标准订单,君缘-Johnear-FR,33.53,-35.0,101.65,0.0,-85.75,14.43,,暂无匹配,14.43,EUR
596802,Europe,A1O7ZA75AQ28ME,A1805IZSGTT6HS,荷兰,EUR,tjDXvZ8U1-JeC7vbf08ZH9Yfhy_nbmHwzc15uJHvLdA,27304517992,Closed,已结算,Succeeded,转账成功,14.74,2026/07/10 04:58:38,2026/07/10 06:58:38,431,-,2026/06/25 10:45:31,2026/07/09 10:45:32,2026/06/25 12:45:31,2026/07/09 12:45:32,StandardOrder,标准订单,VERCART-NL,0.0,0.0,59.48,0.0,-44.74,14.74,,暂无匹配,14.74,EUR
596834,Europe,AOYVH559D0QV4,AMEN7PMS3EDWL,比利时,EUR,NPQvvk9pfqr3wb66fQKi840IsI55x-lc0aFK00eN03Q,27268450982,Closed,已结算,Succeeded,转账成功,20.04,2026/07/04 20:42:06,2026/07/04 22:42:06,386,SLR3BOOXV4Y2TKUE,2026/06/20 01:19:43,2026/07/04 01:19:43,2026/06/20 03:19:43,2026/07/04 03:19:43,StandardOrder,标准订单,北京如森-Rucener-BE,0.0,0.0,28.75,0.0,-8.71,20.04,,暂无匹配,20.04,EUR
596789,NorthAmerica,A2RAZV8VSWUCWS,ATVPDKIKX0DER,美国,USD,FI0Fa3OM8Od0xmp__R2NjvlAMux72XSjDcHxbaBVeOc,26481495051,Closed,已结算,Succeeded,转账成功,20.95,2026/06/02 13:45:30,2026/06/02 06:45:30,689,4877PMNPEHB37QT,2026/05/18 09:43:33,2026/06/01 09:43:32,2026/05/18 02:43:33,2026/06/01 02:43:32,StandardOrder,标准订单,VERCART-US,0.0,0.0,128.9,-61.56,-46.39,20.95,,暂无匹配,20.95,USD
596837,NorthAmerica,A31RJ7FUA3J49M,ATVPDKIKX0DER,美国,USD,PjOR4SABhGfPXqkn8SNmf-qa0Ni7FfEZ4hJehY8zh5U,26723605671,Closed,已结算,Succeeded,转账成功,22.04,2026/06/29 13:42:26,2026/06/29 06:42:26,593,6EK5QZWHX4V71YC,2026/06/14 06:09:49,2026/06/28 06:09:49,2026/06/13 23:09:49,2026/06/27 23:09:49,StandardOrder,标准订单,北京熙锦-Jalnoddsa-US,0.0,0.0,424.13,0.0,-402.09,22.04,,暂无匹配,22.04,USD
596860,Europe,AQOSGAJE5TKA3,APJ6JRA9NG5V4,意大利,EUR,CvU2xPsne9hT7r6epgQ4CR_VTVReK_azKbOqRI_eGFQ,27113709662,Closed,已结算,Succeeded,转账成功,26.25,2026/06/10 04:21:43,2026/06/10 06:21:43,194,SLRTH9K83743ZX7T,2026/05/26 09:43:35,2026/06/09 09:43:34,2026/05/26 11:43:35,2026/06/09 11:43:34,StandardOrder,标准订单,FZH深圳-Strusery-IT,0.0,0.0,441.46,0.0,-415.21,26.25,,暂无匹配,26.25,EUR
596770,Europe,A148ZDEAGT4GFR,A1PA6795UKMFR9,德国,EUR,U2hPM-U8rvR58DI5auPs-iLDdV6kjNFNrJ2wqbpjErU,27140716892,Closed,已结算,Succeeded,转账成功,26.85,2026/06/14 11:43:42,2026/06/14 13:43:42,871,SLR1466UZ146LD1J,2026/05/30 06:01:05,2026/06/13 06:01:04,2026/05/30 08:01:05,2026/06/13 08:01:04,StandardOrder,标准订单,百纳-BNCKTRD-DE,0.0,0.0,217.23,0.0,-190.38,26.85,,暂无匹配,26.85,EUR
596859,Europe,AQOSGAJE5TKA3,A1PA6795UKMFR9,德国,EUR,XlpHBwA7pIp1Orz8FlYT2xQzzY0U1kZTcZRmPaphAJY,27167014562,Closed,已结算,Succeeded,转账成功,32.25,2026/06/18 04:47:48,2026/06/18 06:47:48,194,SLR4XV4YZVAW2HPU,2026/06/03 09:47:23,2026/06/17 09:47:23,2026/06/03 11:47:23,2026/06/17 11:47:23,StandardOrder,标准订单,FZH深圳-Strusery-DE,0.0,0.0,78.61,0.0,-46.36,32.25,,暂无匹配,32.25,EUR
596797,Europe,A1O7ZA75AQ28ME,A1RKKUPIHCS9HS,西班牙,EUR,d2M6j6aEJPA9YtOW8PtwrtrP5qsXf-ZHIodAsqFIcMo,27063000972,Closed,已结算,Succeeded,转账成功,34.58,2026/06/30 01:32:26,2026/06/30 03:32:26,431,SLRHAWFQPD8PNYBI,2026/05/18 06:12:27,2026/06/29 06:12:28,2026/05/18 08:12:27,2026/06/29 08:12:28,StandardOrder,标准订单,VERCART-ES,-4.94,-25.22,78.49,0.0,-13.75,34.58,,暂无匹配,34.58,EUR
596870,NorthAmerica,A33CZKYEFXI9I7,ATVPDKIKX0DER,美国,USD,mntJ9W4O5cjoOBPQNz7iLUo2zSkjHaD-kYWSN9iEbWE,26512648461,Closed,已结算,Succeeded,转账成功,40.79,2026/07/03 13:37:21,2026/07/03 06:37:21,317,5VKWW4G0GMZDUG7,2026/06/04 10:26:20,2026/07/02 10:26:20,2026/06/04 03:26:20,2026/07/02 03:26:20,InvoicedOrder,发票支付订单,Daneey-LELEFIDO-US,0.0,0.0,47.99,0.0,-7.2,40.79,,暂无匹配,40.79,USD
596805,Europe,A1O7ZA75AQ28ME,AMEN7PMS3EDWL,比利时,EUR,Zpu93yL2_TUGh8rCRXU6YWR1jori_baoqE9NIUPkMLs,26719756872,Closed,已结算,Succeeded,转账成功,43.28,2026/06/17 03:59:32,2026/06/17 05:59:32,431,"10AN40G00006GD, GB716066OJFAJW5D",2026/03/23 06:05:43,2026/06/15 06:05:43,2026/03/23 07:05:43,2026/06/15 08:05:43,StandardOrder,标准订单,VERCART-BE,0.0,0.0,52.88,0.0,-9.6,43.28,,暂无匹配,36.84,GBP
596738,NorthAmerica,AEVTZYX0M5AXK,A2EUQ1WTGCTBG2,加拿大,CAD,7RItHlomE6oywYcwm152v3Ckjmatp8qJPap8Kvn5mxI,26709702521,Closed,已结算,Succeeded,转账成功,60.54,2026/06/29 17:56:31,2026/06/29 10:56:31,265,UETR/ac394e85-5484-43d7-8263-d66aab0cfd35/SvcTpIdr/003,2026/06/12 05:17:06,2026/06/26 05:17:06,2026/06/11 22:17:06,2026/06/25 22:17:06,StandardOrder,标准订单,TOODDLY-Daneey-CA,0.0,0.0,111.26,0.0,-50.72,60.54,,暂无匹配,41.98,USD
596841,NorthAmerica,A1P32JX05T2UBZ,ATVPDKIKX0DER,美国,USD,dTUAqkBWMT3PeTCw9ARcJDupBKFBoTbxcbAwFwod3F4,26792294071,Closed,已结算,Succeeded,转账成功,61.2,2026/07/07 13:48:38,2026/07/07 06:48:38,470,66J41UQL47PXSE6,2026/06/22 08:57:25,2026/07/06 08:57:25,2026/06/22 01:57:25,2026/07/06 01:57:25,StandardOrder,标准订单,北京如泱-BJRYECLTD-US,0.0,0.0,1408.36,-52.98,-1294.18,61.2,,暂无匹配,61.2,USD
596811,Europe,A1R8TWV7U0PCZA,A1RKKUPIHCS9HS,西班牙,EUR,1VRxnK1SCEA1sSeJvuYqNHQLP1cazSl4F5LdaoAuos8,27064281642,Closed,已结算,Succeeded,转账成功,64.5,2026/06/02 04:22:19,2026/06/02 06:22:19,235,SLR3U9KM01KEQQLA,2026/05/18 09:29:41,2026/06/01 09:29:41,2026/05/18 11:29:41,2026/06/01 11:29:41,StandardOrder,标准订单,君缘-Johnear-ES,25.23,-25.23,79.33,0.0,-14.83,64.5,,暂无匹配,64.5,EUR
596830,Europe,AOYVH559D0QV4,APJ6JRA9NG5V4,意大利,EUR,LbB_Klb4bMRrWrjpRQ_Yg9n7N7Z_KxKY2CwO9bEsQ0M,26864337152,Closed,已结算,Succeeded,转账成功,69.85,2026/07/08 22:22:00,2026/07/09 00:22:00,386,SLR6Q7R2RDU6CCMT,2026/04/15 03:26:20,2026/07/08 03:26:20,2026/04/15 05:26:20,2026/07/08 05:26:20,StandardOrder,标准订单,北京如森-Rucener-IT,0.0,0.0,131.15,0.0,-61.3,69.85,,暂无匹配,69.85,EUR
596870,NorthAmerica,A33CZKYEFXI9I7,ATVPDKIKX0DER,美国,USD,ZYKUQxMoqTrHMHXiIUcMgzGZHGeJABs0CoV99FscbTY,25765498971,Closed,已结算,Succeeded,转账成功,72.37,2026/06/05 13:34:47,2026/06/05 06:34:47,317,2C1LGR1O3HHXSXH,2026/05/07 10:26:20,2026/06/04 10:26:20,2026/05/07 03:26:20,2026/06/04 03:26:20,InvoicedOrder,发票支付订单,Daneey-LELEFIDO-US,0.0,0.0,119.96,0.0,-47.59,72.37,,暂无匹配,72.37,USD
596773,Europe,A148ZDEAGT4GFR,A1805IZSGTT6HS,荷兰,EUR,Y4ltxV5euFVNMCBTW0ET7YaiJzx4idGogFzDHS9Cp4A,26710313672,Closed,已结算,Succeeded,转账成功,81.98,2026/06/28 00:19:32,2026/06/28 02:19:32,871,-,2026/05/16 06:01:06,2026/06/27 06:01:06,2026/05/16 08:01:06,2026/06/27 08:01:06,StandardOrder,标准订单,百纳-BNCKTRD-NL,0.0,0.0,100.16,0.0,-18.18,81.98,,暂无匹配,81.98,EUR
596813,Europe,A1R8TWV7U0PCZA,A13V1IB3VIYZZH,法国,EUR,iDc0Zs5e28Fw8aqTnnv1ipmGFqMSkL3o4UM1selxIE0,27203416822,Closed,已结算,Succeeded,转账成功,89.59,2026/06/24 04:42:13,2026/06/24 06:42:13,235,SLR4FOWNIBOONSTR,2026/06/09 09:46:09,2026/06/23 09:46:09,2026/06/09 11:46:09,2026/06/23 11:46:09,StandardOrder,标准订单,君缘-Johnear-FR,35.0,-35.0,109.98,0.0,-20.39,89.59,,暂无匹配,89.59,EUR
596834,Europe,AOYVH559D0QV4,AMEN7PMS3EDWL,比利时,EUR,Ac9fUSqb7g_xEF22sqM6pj0L3snl_Lwn8kK-XJvLYIg,27094560242,Closed,已结算,Succeeded,转账成功,94.69,2026/06/20 21:12:02,2026/06/20 23:12:02,386,SLR4E68ZACI7ZS8Y,2026/06/06 01:19:43,2026/06/20 01:19:43,2026/06/06 03:19:43,2026/06/20 03:19:43,StandardOrder,标准订单,北京如森-Rucener-BE,-4.78,0.0,120.47,0.0,-21.0,94.69,,暂无匹配,94.69,EUR
596811,Europe,A1R8TWV7U0PCZA,A1RKKUPIHCS9HS,西班牙,EUR,M16pMC4NxNoYChVYKeOec8ySLZs2h86oQgXjOFOoBeQ,27152110182,Closed,已结算,Succeeded,转账成功,96.6,2026/06/16 04:21:43,2026/06/16 06:21:43,235,SLR6U2LESDPEQZRP,2026/06/01 09:29:41,2026/06/15 09:29:41,2026/06/01 11:29:41,2026/06/15 11:29:41,StandardOrder,标准订单,君缘-Johnear-ES,25.23,-25.37,163.62,0.0,-66.88,96.6,,暂无匹配,96.6,EUR
596856,Europe,AQOSGAJE5TKA3,A1RKKUPIHCS9HS,西班牙,EUR,YU8pzX1nPdDvD1HqNsY5mOPd3GTlS-J-_vqr1T91LWU,27166506622,Closed,已结算,Succeeded,转账成功,97.82,2026/06/18 04:47:24,2026/06/18 06:47:24,194,SLR1GVG78QQEQGXE,2026/06/03 09:47:06,2026/06/17 09:47:07,2026/06/03 11:47:06,2026/06/17 11:47:07,StandardOrder,标准订单,FZH深圳-Strusery-ES,-45.92,-72.28,270.64,0.0,-54.62,97.82,,暂无匹配,97.82,EUR
596754,NorthAmerica,A1RNFBP36FSAAN,ATVPDKIKX0DER,美国,USD,JS7dk_Rhs1-KaPhYvSP6XwMOl6Ye0e9wIl1rC3g6IUI,25394136221,Closed,已结算,Succeeded,转账成功,99.59,2026/06/15 12:53:58,2026/06/15 05:53:58,052,12PKJMF9FOJERPQ,2026/02/21 11:56:43,2026/06/13 11:56:43,2026/02/21 03:56:43,2026/06/13 04:56:43,InvoicedOrder,发票支付订单,Centrade-WOWMAX-US,0.0,0.0,117.17,0.0,-17.58,99.59,,暂无匹配,99.59,USD
596841,NorthAmerica,A1P32JX05T2UBZ,ATVPDKIKX0DER,美国,USD,05TDwuv2x8YGPj3_pwWf4PdKlp76JmTiaL4eKsK9JGI,26672158131,Closed,已结算,Succeeded,转账成功,105.18,2026/06/23 13:42:34,2026/06/23 06:42:34,470,2U5THACMC4G11WD,2026/06/08 08:57:26,2026/06/22 08:57:25,2026/06/08 01:57:26,2026/06/22 01:57:25,StandardOrder,标准订单,北京如泱-BJRYECLTD-US,0.0,0.0,504.06,-46.98,-351.9,105.18,,暂无匹配,105.18,USD
596835,Europe,AOYVH559D0QV4,A28R8C7NBKEWEA,爱尔兰,EUR,NczqV9oiF-SeQqNpJzFXqvc3GYR8Ox5GdsdsTXYyE8g,25070907322,Closed,已结算,Succeeded,转账成功,106.07,2026/06/02 22:21:53,2026/06/02 23:21:53,386,SLR4Q5M68BKJ2TQH,2025/07/04 00:14:32,2026/06/02 03:27:45,2025/07/04 01:14:32,2026/06/02 04:27:45,StandardOrder,标准订单,北京如森-Rucener-IE,0.0,0.0,130.07,0.0,-24.0,106.07,,暂无匹配,106.07,EUR
596813,Europe,A1R8TWV7U0PCZA,A13V1IB3VIYZZH,法国,EUR,e7Vw2tWjitMFYDdfJX1O4408VW9SSFErNUglK08CiYQ,27289120482,Closed,已结算,Succeeded,转账成功,111.8,2026/07/08 04:41:48,2026/07/08 06:41:48,235,SLRU4EK456DXCQIY,2026/06/23 09:46:09,2026/07/07 09:46:11,2026/06/23 11:46:09,2026/07/07 11:46:11,StandardOrder,标准订单,君缘-Johnear-FR,35.0,-35.0,138.32,0.0,-26.52,111.8,,暂无匹配,111.8,EUR
596856,Europe,AQOSGAJE5TKA3,A1RKKUPIHCS9HS,西班牙,EUR,81u1EKUIYInmeaNsT2gPMIwpONqhxV5XSjn3T0XvAxA,27252409892,Closed,已结算,Succeeded,转账成功,127.87,2026/07/02 03:24:49,2026/07/02 05:24:49,194,SLR2OB9NATDELR8B,2026/06/17 09:47:07,2026/07/01 07:16:07,2026/06/17 11:47:07,2026/07/01 09:16:07,StandardOrder,标准订单,FZH深圳-Strusery-ES,72.28,-72.28,168.35,0.0,-40.48,127.87,,暂无匹配,127.87,EUR
596802,Europe,A1O7ZA75AQ28ME,A1805IZSGTT6HS,荷兰,EUR,G5dUM6iKjNzC4U3tVN45lZtndowj47XODN1hbqOKy_0,27217372472,Closed,已结算,Succeeded,转账成功,128.51,2026/06/26 05:04:33,2026/06/26 07:04:33,431,-,2026/06/11 10:45:31,2026/06/25 10:45:31,2026/06/11 12:45:31,2026/06/25 12:45:31,StandardOrder,标准订单,VERCART-NL,-49.97,0.0,206.98,0.0,-28.5,128.51,,暂无匹配,128.51,EUR
596814,Europe,A1R8TWV7U0PCZA,A1PA6795UKMFR9,德国,EUR,H6F8RuLGmzc1oQXUwtdr7t4TNDfkJK51ORdfVuKtad0,27203261472,Closed,已结算,Succeeded,转账成功,131.66,2026/06/24 04:42:00,2026/06/24 06:42:00,235,SLR4KKW7QBDE9IJN,2026/06/09 09:45:50,2026/06/23 09:45:50,2026/06/09 11:45:50,2026/06/23 11:45:50,StandardOrder,标准订单,君缘-Johnear-DE,0.0,0.0,674.02,-38.02,-504.34,131.66,,暂无匹配,131.66,EUR
596812,Europe,A1R8TWV7U0PCZA,A1F83G8C2ARO7P,英国,GBP,e-Ipty0kTWetiqo0m4Mal5mPEfQIMZ2beZ94BGg6WA0,27239362962,Closed,已结算,Succeeded,转账成功,149.77,2026/07/01 05:03:25,2026/07/01 06:03:25,235,"10A15O800003GD, 10A15O800003GD",2026/06/15 09:30:54,2026/06/29 09:30:54,2026/06/15 10:30:54,2026/06/29 10:30:54,StandardOrder,标准订单,君缘-Johnear-UK,0.0,0.0,458.13,-19.3,-289.06,149.77,,暂无匹配,171.28,EUR
596828,Europe,AOYVH559D0QV4,A13V1IB3VIYZZH,法国,EUR,zFOX8m_2lYiRUvnCnKbGlN7JBkwZ5PH8v4TEmQKhDtI,27118967412,Closed,已结算,Succeeded,转账成功,164.44,2026/06/10 22:22:35,2026/06/11 00:22:35,386,SLR6GS3D6SFECNLO,2026/05/27 03:26:18,2026/06/10 03:26:18,2026/05/27 05:26:18,2026/06/10 05:26:18,StandardOrder,标准订单,北京如森-Rucener-FR,46.81,-46.81,1046.32,-3.57,-878.31,164.44,,暂无匹配,164.44,EUR
596881,Europe,A2O19GZBEQ0WX,A1RKKUPIHCS9HS,西班牙,EUR,nmq3j1B8zmEcnuTL4IIiQLg0bVHzPfCrDWG8sdcJgok,27250049802,Closed,已结算,Succeeded,转账成功,187.1,2026/07/03 04:38:53,2026/07/03 06:38:53,317,"15A25V50000FGD, 15A25V50000FGD",2026/06/17 03:45:29,2026/07/01 03:45:29,2026/06/17 05:45:29,2026/07/01 05:45:29,StandardOrder,标准订单,Daneey-LELEFIDO-ES,43.4,-43.4,290.02,-26.87,-76.05,187.1,,暂无匹配,209.82,USD
596860,Europe,AQOSGAJE5TKA3,APJ6JRA9NG5V4,意大利,EUR,iuraLrvG5SmDmBUXXPLArGg9kHHhdoWqxSfi5FkJ7dg,27289188842,Closed,已结算,Succeeded,转账成功,187.85,2026/07/08 04:41:52,2026/07/08 06:41:52,194,SLR5J124LIQMT6WA,2026/06/23 09:43:34,2026/07/07 09:43:34,2026/06/23 11:43:34,2026/07/07 11:43:34,StandardOrder,标准订单,FZH深圳-Strusery-IT,0.0,0.0,287.18,0.0,-99.33,187.85,,暂无匹配,187.85,EUR
596828,Europe,AOYVH559D0QV4,A13V1IB3VIYZZH,法国,EUR,HBx2muVVukl9N8lFoCiu2EuxDFo_OhAeeMOOb-JTfVM,27293677722,Closed,已结算,Succeeded,转账成功,203.08,2026/07/08 22:21:58,2026/07/09 00:21:58,386,SLR36TODUAAOG9YQ,2026/06/24 03:26:19,2026/07/08 03:26:18,2026/06/24 05:26:19,2026/07/08 05:26:18,StandardOrder,标准订单,北京如森-Rucener-FR,91.25,-91.25,864.12,0.0,-661.04,203.08,,暂无匹配,203.08,EUR
596819,Europe,A1R8TWV7U0PCZA,A1C3SOZRARQ6R3,波兰,PLN,c5SUMTK4jZBE0CYMCWJreYfLUmv8TjBQqPlcDaRK_us,26376997422,Closed,已结算,Succeeded,转账成功,210.93,2026/07/01 04:58:33,2026/07/01 06:58:33,235,"10A15O900008GD, 10A15O900008GD",2026/05/04 09:30:29,2026/06/29 09:30:28,2026/05/04 11:30:29,2026/06/29 11:30:28,StandardOrder,标准订单,君缘-Johnear-PL,0.0,0.0,240.51,0.0,-29.58,210.93,,暂无匹配,48.44,EUR
596814,Europe,A1R8TWV7U0PCZA,A1PA6795UKMFR9,德国,EUR,nyAHKdL9Bi3zUkAWFUJomCRSBk2kROOOI6d-Nxs9Pmk,27289345072,Closed,已结算,Succeeded,转账成功,220.39,2026/07/08 04:41:55,2026/07/08 06:41:55,235,SLR1M11PJCFJ3XQ8,2026/06/23 09:45:50,2026/07/07 09:45:50,2026/06/23 11:45:50,2026/07/07 11:45:50,StandardOrder,标准订单,君缘-Johnear-DE,0.0,0.0,980.99,-47.3,-713.3,220.39,,暂无匹配,220.39,EUR
596841,NorthAmerica,A1P32JX05T2UBZ,ATVPDKIKX0DER,美国,USD,7vb_kgUd6rntGWvk24Q01FHW7i4J6QQnE7q70JdFL0A,26544059231,Closed,已结算,Succeeded,转账成功,225.23,2026/06/09 13:35:38,2026/06/09 06:35:38,470,40EVPEQB66V0ING,2026/05/25 08:57:26,2026/06/08 08:57:26,2026/05/25 01:57:26,2026/06/08 01:57:26,StandardOrder,标准订单,北京如泱-BJRYECLTD-US,0.0,0.0,575.34,-56.98,-293.13,225.23,,暂无匹配,225.23,USD
596860,Europe,AQOSGAJE5TKA3,APJ6JRA9NG5V4,意大利,EUR,hXPgK6yEmZRW6usFZif-HIhVE7t2To6WWX5UUD7no_U,27203575912,Closed,已结算,Succeeded,转账成功,225.89,2026/06/24 04:42:09,2026/06/24 06:42:09,194,SLR73CEJRM25XTH5,2026/06/09 09:43:34,2026/06/23 09:43:34,2026/06/09 11:43:34,2026/06/23 11:43:34,StandardOrder,标准订单,FZH深圳-Strusery-IT,0.0,0.0,314.44,0.0,-88.55,225.89,,暂无匹配,225.89,EUR
596885,Europe,A2O19GZBEQ0WX,APJ6JRA9NG5V4,意大利,EUR,3khbrCxhCE1vpvNc58RPTHLSeJ-BBs9CPLRLUShNibc,27239127862,Closed,已结算,Succeeded,转账成功,245.28,2026/07/01 05:01:11,2026/07/01 07:01:11,317,"10A15O30000EGD, 10A15O30000EGD",2026/06/15 09:25:44,2026/06/29 09:25:45,2026/06/15 11:25:44,2026/06/29 11:25:45,StandardOrder,标准订单,Daneey-LELEFIDO-IT,0.0,0.0,1042.75,-28.77,-768.7,245.28,,暂无匹配,275.32,USD
596814,Europe,A1R8TWV7U0PCZA,A1PA6795UKMFR9,德国,EUR,XrkomOqTFUJ0bZWyQM-VMeGIwGocaIFyvAN2A89erwE,27113768132,Closed,已结算,Succeeded,转账成功,248.67,2026/06/10 04:46:53,2026/06/10 06:46:53,235,SLR2ECUV98J1BY7J,2026/05/26 09:45:51,2026/06/09 09:45:50,2026/05/26 11:45:51,2026/06/09 11:45:50,StandardOrder,标准订单,君缘-Johnear-DE,0.0,0.0,749.39,-28.81,-471.91,248.67,,暂无匹配,248.67,EUR
596885,Europe,A2O19GZBEQ0WX,APJ6JRA9NG5V4,意大利,EUR,DnqdB9BYphPv-weS5iSFZHoS3OegakzHO2IPY5gjJVA,27064417362,Closed,已结算,Succeeded,转账成功,282.73,2026/06/03 04:50:11,2026/06/03 06:50:11,317,"10A94J800010GD, 10A94J800010GD",2026/05/18 09:25:46,2026/06/01 09:25:45,2026/05/18 11:25:46,2026/06/01 11:25:45,StandardOrder,标准订单,Daneey-LELEFIDO-IT,0.0,0.0,1071.9,0.0,-789.17,282.73,,暂无匹配,323.93,USD
596770,Europe,A148ZDEAGT4GFR,A1PA6795UKMFR9,德国,EUR,6h-IuOWDwNNY3zDiKtRcwvZLy7CwpnTfOEM5LAiPAU0,27228270952,Closed,已结算,Succeeded,转账成功,285.23,2026/06/28 01:07:51,2026/06/28 03:07:51,871,SLRZLTBS3BVL4HF7,2026/06/13 06:01:04,2026/06/27 06:01:04,2026/06/13 08:01:04,2026/06/27 08:01:04,StandardOrder,标准订单,百纳-BNCKTRD-DE,0.0,0.0,414.5,0.0,-129.27,285.23,,暂无匹配,285.23,EUR
596789,NorthAmerica,A2RAZV8VSWUCWS,ATVPDKIKX0DER,美国,USD,gTDxYd65AxWRgv80zMW7f6NUlpFEBd1CPaxphi2MuEw,26609414531,Closed,已结算,Succeeded,转账成功,294.78,2026/06/16 13:45:20,2026/06/16 06:45:20,689,1WVC8IY0ZK8TYYH,2026/06/01 09:43:32,2026/06/15 09:43:32,2026/06/01 02:43:32,2026/06/15 02:43:32,StandardOrder,标准订单,VERCART-US,0.0,0.0,361.84,0.0,-67.06,294.78,,暂无匹配,294.78,USD
596881,Europe,A2O19GZBEQ0WX,A1RKKUPIHCS9HS,西班牙,EUR,4OGWaR-6q59HujIhuaSl495vjfqVluHOJiVjxCHltHE,27164446782,Closed,已结算,Succeeded,转账成功,303.0,2026/06/19 01:27:41,2026/06/19 03:27:41,317,"14AO4B10000AGD, 14AO4B10000AGD",2026/06/03 03:45:29,2026/06/17 03:45:29,2026/06/03 05:45:29,2026/06/17 05:45:29,StandardOrder,标准订单,Daneey-LELEFIDO-ES,-19.93,-43.4,526.48,-28.07,-132.08,303.0,,暂无匹配,343.55,USD
596789,NorthAmerica,A2RAZV8VSWUCWS,ATVPDKIKX0DER,美国,USD,7RzziARFHaMOYVipu_L-WgEJw46NDlww-IhtvnFouz8,26732723091,Closed,已结算,Succeeded,转账成功,408.97,2026/06/30 13:41:54,2026/06/30 06:41:54,689,3PZXN3U4MDYTSJA,2026/06/15 09:43:32,2026/06/29 09:43:32,2026/06/15 02:43:32,2026/06/29 02:43:32,StandardOrder,标准订单,VERCART-US,0.0,0.0,481.07,0.0,-72.1,408.97,,暂无匹配,408.97,USD
596885,Europe,A2O19GZBEQ0WX,APJ6JRA9NG5V4,意大利,EUR,2bk-8mSeMC4gMGRN2RBUC7cxpd5DxXvP9MrILCpjgAk,27152751172,Closed,已结算,Succeeded,转账成功,474.91,2026/06/17 04:11:29,2026/06/17 06:11:29,317,"10AN4II0000PGD, 10AN4II0000PGD",2026/06/01 09:25:45,2026/06/15 09:25:44,2026/06/01 11:25:45,2026/06/15 11:25:44,StandardOrder,标准订单,Daneey-LELEFIDO-IT,0.0,0.0,833.45,0.0,-358.54,474.91,,暂无匹配,541.58,USD
596846,NorthAmerica,A7CLTN73A5C2H,ATVPDKIKX0DER,美国,USD,wFO1ZPp77fLZ0ogHNbqG_WVahQAwcfkOhYR8oT4RyzE,26787363881,Closed,已结算,Succeeded,转账成功,501.88,2026/07/07 16:27:30,2026/07/07 09:27:30,005,FUIOU_PROCESSED_US_USD_20260708_000144.xml,2026/06/22 01:18:19,2026/07/06 01:18:19,2026/06/21 18:18:19,2026/07/05 18:18:19,StandardOrder,标准订单,云途汇德-Novelledo-US,0.0,0.0,2987.12,-300.8,-2184.44,501.88,,暂无匹配,3374.55,CNY
596883,Europe,A2O19GZBEQ0WX,A13V1IB3VIYZZH,法国,EUR,brjuJjroKcqZKrVmQbPs_MRdMJ8d-Xrgmd9sKHxPsV4,27239224572,Closed,已结算,Succeeded,转账成功,653.61,2026/07/01 05:21:02,2026/07/01 07:21:02,317,"10A15O60000UGD, 10A15O60000UGD",2026/06/15 09:20:53,2026/06/29 09:20:53,2026/06/15 11:20:53,2026/06/29 11:20:53,StandardOrder,标准订单,Daneey-LELEFIDO-FR,228.45,-228.45,1688.81,-126.51,-908.69,653.61,,暂无匹配,733.67,USD
596884,Europe,A2O19GZBEQ0WX,A1PA6795UKMFR9,德国,EUR,eQ-9A_HMg5KBG9RbEHzaRGF9UdMHfl1y9hVwAohLl_I,27239252492,Closed,已结算,Succeeded,转账成功,696.18,2026/07/01 05:11:33,2026/07/01 07:11:33,317,"10A15O20000VGD, 10A15O20000VGD",2026/06/15 09:20:08,2026/06/29 09:20:07,2026/06/15 11:20:08,2026/06/29 11:20:07,StandardOrder,标准订单,Daneey-LELEFIDO-DE,0.0,0.0,2129.38,-332.18,-1101.02,696.18,,暂无匹配,781.45,USD
596828,Europe,AOYVH559D0QV4,A13V1IB3VIYZZH,法国,EUR,7RvAOeGiPhnhyuk4UymKANYq5bhBLy7UrvJreLFu9TY,27207831672,Closed,已结算,Succeeded,转账成功,762.0,2026/06/24 22:26:50,2026/06/25 00:26:50,386,SLR6ZCVY313OI060,2026/06/10 03:26:18,2026/06/24 03:26:19,2026/06/10 05:26:18,2026/06/24 05:26:19,StandardOrder,标准订单,北京如森-Rucener-FR,46.81,-91.25,1080.62,0.0,-274.18,762.0,,暂无匹配,762.0,EUR
596884,Europe,A2O19GZBEQ0WX,A1PA6795UKMFR9,德国,EUR,Fz3b7oI-LymdmaHJCf4xUppxVxBBe6Na2EgIHhULY08,27151988062,Closed,已结算,Succeeded,转账成功,845.92,2026/06/17 04:11:53,2026/06/17 06:11:53,317,"10AN4IL00005GD, 10AN4IL00005GD",2026/06/01 09:20:07,2026/06/15 09:20:08,2026/06/01 11:20:07,2026/06/15 11:20:08,StandardOrder,标准订单,Daneey-LELEFIDO-DE,0.0,0.0,1708.88,-198.74,-664.22,845.92,,暂无匹配,964.68,USD
596884,Europe,A2O19GZBEQ0WX,A1PA6795UKMFR9,德国,EUR,9fslydtKoyooBUIeWPM0Qdx1zs2LKoO_N9a-YOiPhhs,27064411052,Closed,已结算,Succeeded,转账成功,894.04,2026/06/03 04:45:30,2026/06/03 06:45:30,317,"10A94JA0000FGD, 10A94JA0000FGD",2026/05/18 09:20:08,2026/06/01 09:20:07,2026/05/18 11:20:08,2026/06/01 11:20:07,StandardOrder,标准订单,Daneey-LELEFIDO-DE,0.0,0.0,2350.25,-274.14,-1182.07,894.04,,暂无匹配,1024.37,USD
596803,Europe,A1O7ZA75AQ28ME,A2NODRKZP88ZB9,瑞典,SEK,exww3ga80bKvcgN8Znyc2yzIRsWBMOujuZeBLJewO14,27074224822,Closed,已结算,Succeeded,转账成功,922.11,2026/07/03 04:30:13,2026/07/03 06:30:13,431,"15A25PL00020GD, 15A25PL00020GD",2026/05/20 01:55:14,2026/07/01 01:55:14,2026/05/20 03:55:14,2026/07/01 03:55:14,StandardOrder,标准订单,VERCART-SE,0.0,0.0,1134.9,0.0,-212.79,922.11,,暂无匹配,82.07,EUR
596883,Europe,A2O19GZBEQ0WX,A13V1IB3VIYZZH,法国,EUR,d9EIS8NkBRGVY6dYmpWpzx34CPRUnHE1t3zsWBImpP8,27151923612,Closed,已结算,Succeeded,转账成功,943.8,2026/06/17 04:09:54,2026/06/17 06:09:54,317,"10AN4IK0000WGD, 10AN4IK0000WGD",2026/06/01 09:20:53,2026/06/15 09:20:53,2026/06/01 11:20:53,2026/06/15 11:20:53,StandardOrder,标准订单,Daneey-LELEFIDO-FR,153.56,-228.45,1872.76,-20.85,-833.22,943.8,,暂无匹配,1076.31,USD
596829,Europe,AOYVH559D0QV4,A1PA6795UKMFR9,德国,EUR,MW3zhN2bet4h2kk8szuqaN7gM3hRbwBHnz1t8dceGHE,27118621432,Closed,已结算,Succeeded,转账成功,1072.85,2026/06/10 22:22:38,2026/06/11 00:22:38,386,SLR4OKREH28QG6MI,2026/05/27 03:26:15,2026/06/10 03:26:14,2026/05/27 05:26:15,2026/06/10 05:26:14,StandardOrder,标准订单,北京如森-Rucener-DE,0.0,0.0,2912.98,-208.87,-1631.26,1072.85,,暂无匹配,1072.85,EUR
596832,Europe,AOYVH559D0QV4,A2NODRKZP88ZB9,瑞典,SEK,vL793vyrKAGkST4rpgl9RsbagY5Af2Pw67DfEEuSoVA,27186153262,Closed,已结算,Succeeded,转账成功,1268.15,2026/06/23 05:30:58,2026/06/23 07:30:58,386,"10AS42P0001BGD, 10AS42P0001BGD",2026/06/06 07:14:14,2026/06/20 07:14:14,2026/06/06 09:14:14,2026/06/20 09:14:14,StandardOrder,标准订单,北京如森-Rucener-SE,557.07,0.0,875.18,0.0,-164.1,1268.15,,暂无匹配,113.61,EUR
667868,NorthAmerica,A838CIOHE0L4D,ATVPDKIKX0DER,美国,USD,rdz7i5m5J886NX-rIhKXZW57w552MSleLu2sS0YjA-E,26741110731,Closed,已结算,Succeeded,转账成功,1400.4,2026/07/01 13:40:29,2026/07/01 06:40:29,366,69U97JPGHVHQYUY,2026/06/16 06:16:48,2026/06/30 06:16:48,2026/06/15 23:16:48,2026/06/29 23:16:48,StandardOrder,标准订单,方州汇绍兴-Xalviortex-US,1400.4,0.0,0.0,0.0,0.0,1400.4,,暂无匹配,1400.4,USD
596832,Europe,AOYVH559D0QV4,A2NODRKZP88ZB9,瑞典,SEK,Moy6pi0BgczlPY20Z_R-3J2z-50cfteJiVTxiwiHKaw,27269522452,Closed,已结算,Succeeded,转账成功,1610.07,2026/07/07 04:29:39,2026/07/07 06:29:39,386,"10A65280000PGD, 10A65280000PGD",2026/06/20 07:14:14,2026/07/04 07:14:15,2026/06/20 09:14:14,2026/07/04 09:14:15,StandardOrder,标准订单,北京如森-Rucener-SE,0.0,0.0,1981.62,0.0,-371.55,1610.07,,暂无匹配,143.7,EUR
596809,NorthAmerica,AG84U6JYQDFUC,ATVPDKIKX0DER,美国,USD,NNnsMAGrs80EGSlYzDrVWY8TadONWj9CKqvwmiK-6Ak,26477505901,Closed,已结算,Succeeded,转账成功,1733.85,2026/06/02 06:16:14,2026/06/01 23:16:14,279,38WRZ5O0BWAETUM,2026/05/18 01:05:00,2026/06/01 01:05:00,2026/05/17 18:05:00,2026/05/31 18:05:00,StandardOrder,标准订单,君缘-Johnear-US,0.0,0.0,3206.38,-318.04,-1154.49,1733.85,,暂无匹配,1733.85,USD
596829,Europe,AOYVH559D0QV4,A1PA6795UKMFR9,德国,EUR,0tZEAttaQaB1FzuVx5Bk72XLrF3u_1BtptAXNQPMtu4,27207871812,Closed,已结算,Succeeded,转账成功,1785.56,2026/06/24 22:26:53,2026/06/25 00:26:53,386,SLRR93MZSQ9JOT2B,2026/06/10 03:26:14,2026/06/24 03:26:14,2026/06/10 05:26:14,2026/06/24 05:26:14,StandardOrder,标准订单,北京如森-Rucener-DE,0.0,0.0,3280.78,-297.22,-1198.0,1785.56,,暂无匹配,1785.56,EUR
596883,Europe,A2O19GZBEQ0WX,A13V1IB3VIYZZH,法国,EUR,nCMr1uqsyRRjf-wFWvpmGb9dHYHYH7AsI6h7Y-6_u-k,27064305482,Closed,已结算,Succeeded,转账成功,2026.59,2026/06/03 04:31:43,2026/06/03 06:31:43,317,"10A94J90000FGD, 10A94J90000FGD",2026/05/18 09:20:53,2026/06/01 09:20:53,2026/05/18 11:20:53,2026/06/01 11:20:53,StandardOrder,标准订单,Daneey-LELEFIDO-FR,153.56,-153.56,2897.36,-117.92,-752.85,2026.59,,暂无匹配,2321.95,USD
596809,NorthAmerica,AG84U6JYQDFUC,ATVPDKIKX0DER,美国,USD,cLH3NVyTbfxC0wDvQKjIfvBWHtLWu09Mefxd6IioeJU,26603876201,Closed,已结算,Succeeded,转账成功,2292.56,2026/06/16 05:53:57,2026/06/15 22:53:57,279,65NHW9RAGOPC30W,2026/06/01 01:05:00,2026/06/15 01:05:01,2026/05/31 18:05:00,2026/06/14 18:05:01,StandardOrder,标准订单,君缘-Johnear-US,0.0,0.0,3846.61,-128.64,-1425.41,2292.56,,暂无匹配,2292.56,USD
596822,NorthAmerica,A33Q847D1IMI3C,ATVPDKIKX0DER,美国,USD,S_G-moZnstu3wZWsrgbfY7CMfLu3cU-6ZewY-hHRpj4,26544723301,Closed,已结算,Succeeded,转账成功,2350.11,2026/06/09 13:44:09,2026/06/09 06:44:09,570,1635NUH1G01JZGF,2026/05/25 10:23:48,2026/06/08 10:23:47,2026/05/25 03:23:48,2026/06/08 03:23:47,StandardOrder,标准订单,北京如森-Rucener-US,0.0,0.0,7485.68,-707.38,-4428.19,2350.11,,暂无匹配,2350.11,USD
596809,NorthAmerica,AG84U6JYQDFUC,ATVPDKIKX0DER,美国,USD,sYiWjw_NcubUzQ17yd-JYBUnL2dCwXW8C0R990ssGqw,26727604661,Closed,已结算,Succeeded,转账成功,2709.29,2026/06/30 06:12:04,2026/06/29 23:12:04,279,3L9EARWU4HG1RK8,2026/06/15 01:05:01,2026/06/29 01:05:01,2026/06/14 18:05:01,2026/06/28 18:05:01,StandardOrder,标准订单,君缘-Johnear-US,0.0,0.0,3999.94,-122.66,-1167.99,2709.29,,暂无匹配,2709.29,USD
596809,NorthAmerica,AG84U6JYQDFUC,ATVPDKIKX0DER,美国,USD,_-4YLQQk4W_DU9ZJ7ipYgm6UUw5BfeMAZg8JbWmz8o8,26851423471,Closed,已结算,Succeeded,转账成功,3448.72,2026/07/13 04:28:38,2026/07/12 21:28:38,279,3KC33VQII1V9KKJ,2026/06/29 01:05:01,2026/07/10 06:19:10,2026/06/28 18:05:01,2026/07/09 23:19:10,StandardOrder,标准订单,君缘-Johnear-US,0.0,0.0,4840.9,-175.97,-1216.21,3448.72,,暂无匹配,3448.72,USD
596737,NorthAmerica,AEVTZYX0M5AXK,ATVPDKIKX0DER,美国,USD,Ro2dUhsIIO3-3_jlxwwLqGm7NF2lKJBEVfsz9jDZZr8,26583746101,Closed,已结算,Succeeded,转账成功,3680.13,2026/06/15 12:45:16,2026/06/15 05:45:16,265,146T5O629I3FPG0,2026/05/29 05:17:01,2026/06/12 05:17:01,2026/05/28 22:17:01,2026/06/11 22:17:01,StandardOrder,标准订单,TOODDLY-Daneey-US,0.0,0.0,9163.75,-856.06,-4627.56,3680.13,,暂无匹配,3680.13,USD
596822,NorthAmerica,A33Q847D1IMI3C,ATVPDKIKX0DER,美国,USD,NGyPwoWsxIZqD8jb0rxbOh6Wq5i3Du5h55cTqndAbH0,26673851051,Closed,已结算,Succeeded,转账成功,4408.03,2026/06/23 13:37:08,2026/06/23 06:37:08,570,1V7I3BT87OIIJ06,2026/06/08 10:23:47,2026/06/22 10:23:48,2026/06/08 03:23:47,2026/06/22 03:23:48,StandardOrder,标准订单,北京如森-Rucener-US,0.0,-52.38,10150.55,-789.06,-4901.08,4408.03,,暂无匹配,4408.03,USD
596737,NorthAmerica,AEVTZYX0M5AXK,ATVPDKIKX0DER,美国,USD,57IOpYgKkELgZE6HUFRQp0R0jpGJFJ10RVTxeLiAORQ,26709000891,Closed,已结算,Succeeded,转账成功,4664.98,2026/06/29 12:37:40,2026/06/29 05:37:40,265,59O1OD3X5CQIBAI,2026/06/12 05:17:01,2026/06/26 05:17:01,2026/06/11 22:17:01,2026/06/25 22:17:01,StandardOrder,标准订单,TOODDLY-Daneey-US,0.0,0.0,11060.12,-746.44,-5648.7,4664.98,,暂无匹配,4664.98,USD
596870,NorthAmerica,A33CZKYEFXI9I7,ATVPDKIKX0DER,美国,USD,oShIQIARmniXFchjUrhXP47jlcDhMwFpCXA0fJVZA3A,26791596511,Closed,已结算,Succeeded,转账成功,5911.81,2026/07/07 11:57:19,2026/07/07 04:57:19,317,41KUS3LXIVFYZWI,2026/06/22 09:07:03,2026/07/06 09:05:52,2026/06/22 02:07:03,2026/07/06 02:05:52,StandardOrder,标准订单,Daneey-LELEFIDO-US,0.0,-56.05,16493.19,-1847.6,-8677.73,5911.81,,暂无匹配,5911.81,USD
596870,NorthAmerica,A33CZKYEFXI9I7,ATVPDKIKX0DER,美国,USD,AXP4rh6t1CQ9mAJTtlM27jsjZsZqLqh-l26WWMGmRiw,26544622541,Closed,已结算,Succeeded,转账成功,6335.6,2026/06/09 11:52:59,2026/06/09 04:52:59,317,2Y6W9WMJGEXPQY7,2026/05/25 09:05:52,2026/06/08 09:05:52,2026/05/25 02:05:52,2026/06/08 02:05:52,StandardOrder,标准订单,Daneey-LELEFIDO-US,0.0,0.0,14968.73,-1317.27,-7315.86,6335.6,,暂无匹配,6335.6,USD
596737,NorthAmerica,AEVTZYX0M5AXK,ATVPDKIKX0DER,美国,USD,vA88iJROu8XLeF3j1YUqlTs8RfjrOvUoCJFY1IbsyOk,26831947371,Closed,已结算,Succeeded,转账成功,6438.88,2026/07/13 12:34:35,2026/07/13 05:34:35,265,21MYQTIN58W2BGG,2026/06/26 05:17:01,2026/07/10 05:17:00,2026/06/25 22:17:01,2026/07/09 22:17:00,StandardOrder,标准订单,TOODDLY-Daneey-US,0.0,0.0,14843.19,-1243.44,-7160.87,6438.88,,暂无匹配,6438.88,USD
596870,NorthAmerica,A33CZKYEFXI9I7,ATVPDKIKX0DER,美国,USD,HdVNK261lLKIS-NaKgh3_WTcVAqDVlbasDED7AM4rC8,26672181791,Closed,已结算,Succeeded,转账成功,7252.68,2026/06/23 11:58:02,2026/06/23 04:58:02,317,68T3PJ21FGQ5ZE5,2026/06/08 09:05:52,2026/06/22 09:07:03,2026/06/08 02:05:52,2026/06/22 02:07:03,StandardOrder,标准订单,Daneey-LELEFIDO-US,0.0,0.0,17717.52,-1719.02,-8745.82,7252.68,,暂无匹配,7252.68,USD
596822,NorthAmerica,A33Q847D1IMI3C,ATVPDKIKX0DER,美国,USD,qwHfBdoQaaLXZa9mn1DJtsZqRfc71_RJzb5cElaiMiA,26792627761,Closed,已结算,Succeeded,转账成功,9852.89,2026/07/07 13:39:06,2026/07/07 06:39:06,570,6LRNAQ8ZKO97M3X,2026/06/22 10:23:48,2026/07/06 10:23:47,2026/06/22 03:23:48,2026/07/06 03:23:47,StandardOrder,标准订单,北京如森-Rucener-US,52.38,0.0,18798.18,-942.64,-8055.03,9852.89,,暂无匹配,9852.89,USD
596765,NorthAmerica,A3J1LV3SO2HAC2,ATVPDKIKX0DER,美国,USD,OeIoqTcoYuCZQgXlE__VvhgwRfnR4bPFCod6OJHn0fI,26688416081,Closed,已结算,Succeeded,转账成功,13404.13,2026/06/25 08:33:52,2026/06/25 01:33:52,712,4Z7G2332HCDLOET,2026/06/10 01:25:20,2026/06/24 01:25:20,2026/06/09 18:25:20,2026/06/23 18:25:20,StandardOrder,标准订单,百纳-BNCKTRD-US,0.0,0.0,21407.96,-931.67,-7072.16,13404.13,,暂无匹配,13404.13,USD
596765,NorthAmerica,A3J1LV3SO2HAC2,ATVPDKIKX0DER,美国,USD,Wi2Se2U5rnHiQhNjWAVpzpiYVmO9UBeNF3CoTKlYDWE,26560436701,Closed,已结算,Succeeded,转账成功,13505.09,2026/06/11 08:25:31,2026/06/11 01:25:31,712,RJOS21P5OPXHKE0,2026/05/27 01:25:20,2026/06/10 01:25:20,2026/05/26 18:25:20,2026/06/09 18:25:20,StandardOrder,标准订单,百纳-BNCKTRD-US,53.49,0.0,20070.92,-484.98,-6134.34,13505.09,,暂无匹配,13505.09,USD
596765,NorthAmerica,A3J1LV3SO2HAC2,ATVPDKIKX0DER,美国,USD,evuBbBckOzGYkQq1p4ShAjf5Ef9jsKoKvXcPH4nUP2w,26807967441,Closed,已结算,Succeeded,转账成功,18559.79,2026/07/09 08:31:12,2026/07/09 01:31:12,712,4V9V3NM77YK372D,2026/06/24 01:25:20,2026/07/08 01:25:20,2026/06/23 18:25:20,2026/07/07 18:25:20,StandardOrder,标准订单,百纳-BNCKTRD-US,0.0,0.0,35397.25,-1136.59,-15700.87,18559.79,,暂无匹配,18559.79,USD
596754,NorthAmerica,A1RNFBP36FSAAN,ATVPDKIKX0DER,美国,USD,gl42yXhuijYdEf8tAlizfyetA5q9jfUcGRX139j8cyw,26542703371,Closed,已结算,Succeeded,转账成功,43304.06,2026/06/09 11:54:47,2026/06/09 04:54:47,052,5UZLZZSU3J0UQ9Q,2026/05/25 05:59:49,2026/06/08 05:59:50,2026/05/24 22:59:49,2026/06/07 22:59:50,StandardOrder,标准订单,Centrade-WOWMAX-US,279.82,-279.82,66367.5,-1974.98,-21088.46,43304.06,,暂无匹配,43304.06,USD
596754,NorthAmerica,A1RNFBP36FSAAN,ATVPDKIKX0DER,美国,USD,bjgbFtSdTmP90_HtDKLhQJNVgFHAcFibZkEYSKU8TIA,26671290521,Closed,已结算,Succeeded,转账成功,58733.03,2026/06/23 11:59:08,2026/06/23 04:59:08,052,6JIG085RXMAIEEW,2026/06/08 05:59:50,2026/06/22 05:59:49,2026/06/07 22:59:50,2026/06/21 22:59:49,StandardOrder,标准订单,Centrade-WOWMAX-US,279.82,-403.97,85403.98,-1681.31,-24865.49,58733.03,,暂无匹配,58733.03,USD
596754,NorthAmerica,A1RNFBP36FSAAN,ATVPDKIKX0DER,美国,USD,wbj4DrGcu03yLIDsT6YL-YmHMb1qZGLzYkmzM072STk,26790092471,Closed,已结算,Succeeded,转账成功,74970.11,2026/07/07 11:59:03,2026/07/07 04:59:03,052,71MGKF9ZC10LDDY,2026/06/22 05:59:49,2026/07/06 05:59:49,2026/06/21 22:59:49,2026/07/05 22:59:49,StandardOrder,标准订单,Centrade-WOWMAX-US,403.97,0.0,115025.57,-2838.24,-37621.19,74970.11,,暂无匹配,74970.11,USD
